Term,Count
python,79
go,895
golang,243
err,281
struct,116
nil,148
fmt,96
help,97
func,134
py,5
made,39
http,103
script,19
class,3
video,25
bot,5
flask,4
rest,42
list,23
model,19
coding,12
cloud,28
program,32
selenium,2
package,102
youtube,13
my,373
written,77
gophers,17
website,14
comments,13
print,18
backend,47
matplotlib,1
main,79
is,871
type,148
error,141
data,118
interface,49
input,15
grpc,44
interfaces,22
column,1
it,718
pointer,30
game,15
to,1842
master,13
tkinter,1
the,1856
for,756
context,44
width,12
string,177
service,84
automate,4
excel,3
pygame,1
server,75
println,67
in,897
and,1162
return,165
mux,19
services,52
config,71
before,22
use,212
would,188
released,16
of,753
client,93
api,143
just,144
building,31
pip,1
start,32
on,375
learn,80
knowledge,11
requests,25
you,333
answer,17
database,82
want,147
def,8
memory,17
local,27
every,32
maybe,33
top,29
defer,36
below,11
store,28
message,22
guys,44
errors,43
tutorial,18
learning,64
